[{
	"elevatorPosition": -7.36,
	"peakValleyIndicator": 1,
	"flightId": 101,
	"flapPosition": 15.15,
	"fleetId": 1,
	"verticalAcceleration": 1.0,
	"rollAcceleration": -0.87,
	"leftAileronPosition": 0.36,
	"startTime": "22:49",
	"retardantDoorOpen": 1.00,
	"timestamp": "49:32.2",
	"pressureAltitude": 1047.27,
	"strainGauge3": -14.81,
	"retardantTankFloat": -3.68,
	"strainGauge2": -11.84,
	"strainGauge1": -2.96,
	"triggerChannel": 1,
	"recordType": "PE",
	"airspeed": 54.2,
	"gearUpAndLocked": 0.00,
	"armRetardantTankDoor": 0.00,
	"strainGauge8": 8.88,
	"beaconStartStopRecording": 0.00,
	"strainGauge7": 11.84,
	"strainGauge6": -5.92,
	"strainGauge5": -5.92,
	"startDate": "6-26-2004",
	"elapsedTime": 14.18,
	"strainGauge4": 0.0
}, {
	"elevatorPosition": -7.31,
	"peakValleyIndicator": 1,
	"flightId": 101,
	"flapPosition": 15.14,
	"fleetId": 2,
	"verticalAcceleration": 1.0,
	"rollAcceleration": -0.88,
	"leftAileronPosition": 0.36,
	"startTime": "22:49",
	"retardantDoorOpen": 1.00,
	"timestamp": "49:47.2",
	"pressureAltitude": 1047.27,
	"strainGauge3": -14.81,
	"retardantTankFloat": -5.26,
	"strainGauge2": -5.92,
	"strainGauge1": -5.92,
	"triggerChannel": 1,
	"recordType": "PE",
	"airspeed": 53.93,
	"gearUpAndLocked": 0.00,
	"armRetardantTankDoor": 0.00,
	"strainGauge8": 11.84,
	"beaconStartStopRecording": 0.00,
	"strainGauge7": 5.92,
	"strainGauge6": -8.88,
	"strainGauge5": -8.88,
	"startDate": "6-26-2004",
	"elapsedTime": 29.18,
	"strainGauge4": -5.92
}]